codauto,ine.ccaa.name,cpro,ine.prov.name,cmun,name,LAU_CODE,GISCO_ID,CNTR_CODE,LAU_NAME,POP_2024,POP_DENS_2024,AREA_KM2,YEAR,no2_median,pm25_median,nombre_limpio,renta.pc,renta_log,no2_log,pm25_log
"12",Galicia,"15","Coruña, A","001",Abegondo,"15001",ES_15001,ES,Abegondo,0,0,83.9248403,2024,2.91979689649041,3.60925563341861,abegondo,19.641,2.97761921812706,1.07151405786463,1.28350155535461
"12",Galicia,"15","Coruña, A","002",Ames,"15002",ES_15002,ES,Ames,0,0,80.05670765,2024,2.01865677500325,3.7218646613155,ames,20.674,3.02887687214629,0.702432327357565,1.31422479574152
"12",Galicia,"15","Coruña, A","003",Aranga,"15003",ES_15003,ES,Aranga,0,0,119.62662504,2024,2.16444620475531,3.21690395259778,aranga,17.49,2.86162928903051,0.772164534163144,1.16841939160906
"12",Galicia,"15","Coruña, A","004",Ares,"15004",ES_15004,ES,Ares,0,0,18.27768498,2024,3.38370645790953,3.70716166526518,ares,18.388,2.91169827794398,1.21897169386492,1.31026653402565
"12",Galicia,"15","Coruña, A","005",Arteixo,"15005",ES_15005,ES,Arteixo,0,0,93.21746592,2024,3.11236563394926,3.69606514803865,arteixo,17.911,2.88541504924312,1.13538309104349,1.30726878025793
"12",Galicia,"15","Coruña, A","006",Arzúa,"15006",ES_15006,ES,Arzúa,0,0,155.40515263,2024,1.84728069587159,3.4381092157973,arzua,18.03,2.89203703721523,0.613714663612619,1.2349216737037
"12",Galicia,"15","Coruña, A","007","Baña, A","15007",ES_15007,ES,"Baña, A",0,0,97.97020595,2024,1.81783684057081,3.58901732442255,"bana, a",16.375,2.79575578152132,0.597647245067093,1.27787843924286
"12",Galicia,"15","Coruña, A","008",Bergondo,"15008",ES_15008,ES,Bergondo,0,0,32.70640911,2024,3.3138427734375,3.6207275390625,bergondo,22.774,3.12561953438841,1.19810847473995,1.28667498328595
"12",Galicia,"15","Coruña, A","009",Betanzos,"15009",ES_15009,ES,Betanzos,0,0,24.18428561,2024,3.11498722033202,3.55612692771494,betanzos,18.904,2.93937353988461,1.13622504960886,1.26867201097273
"12",Galicia,"15","Coruña, A","010",Boimorto,"15010",ES_15010,ES,Boimorto,0,0,82.47417432,2024,1.93679508818054,3.43778277990428,boimorto,16.09,2.77819796100429,0.661034590589621,1.23482672285414
"12",Galicia,"15","Coruña, A","011",Boiro,"15011",ES_15011,ES,Boiro,0,0,86.55525261,2024,1.92344557934404,3.94134920226426,boiro,16.761,2.81905475914512,0.654118150293226,1.37152310181454
"12",Galicia,"15","Coruña, A","012",Boqueixón,"15012",ES_15012,ES,Boqueixón,0,0,73.18127249,2024,2.16182192075447,3.68845415890318,boqueixon,18.718,2.92948562773506,0.770951347995957,1.30520744315144
"12",Galicia,"15","Coruña, A","013",Brión,"15013",ES_15013,ES,Brión,0,0,74.65826459,2024,1.81482008402876,3.6808814150983,brion,19.909,2.99117189079766,0.595986335546503,1.30315223847407
"12",Galicia,"15","Coruña, A","014",Cabana de Bergantiños,"15014",ES_15014,ES,Cabana de Bergantiños,0,0,100.07860783,2024,1.62206240735911,3.39103087565306,cabana de bergantinos,17.23,2.84665205053984,0.48369843051354,1.22113396827842
"12",Galicia,"15","Coruña, A","015",Cabanas,"15015",ES_15015,ES,Cabanas,0,0,29.85273388,2024,2.9853515625,3.323486328125,cabanas,19.204,2.95511859066869,1.09371751629138,1.20101433079313
"12",Galicia,"15","Coruña, A","016",Camariñas,"15016",ES_15016,ES,Camariñas,0,0,51.79270159,2024,1.49297036495441,3.43675798065258,camarinas,15.141,2.71740629602624,0.400767669032798,1.23452857951773
"12",Galicia,"15","Coruña, A","017",Cambre,"15017",ES_15017,ES,Cambre,0,0,40.79478579,2024,3.36204545838207,3.63441850174017,cambre,20.162,3.00379964463175,1.21254955612704,1.29044912617764
"12",Galicia,"15","Coruña, A","018","Capela, A","15018",ES_15018,ES,"Capela, A",0,0,57.21724985,2024,2.83116954919246,3.22863717360704,"capela, a",18.516,2.91863522316902,1.04068989454922,1.1720601205222
"12",Galicia,"15","Coruña, A","019",Carballo,"15019",ES_15019,ES,Carballo,0,0,186.77357933,2024,2.46042875564072,3.56845931965241,carballo,17.33,2.85243910372751,0.900335625668235,1.27213393951881
"12",Galicia,"15","Coruña, A","020",Carnota,"15020",ES_15020,ES,Carnota,0,0,70.74756134,2024,1.46687437419959,3.73343039864702,carnota,15.876,2.76480853492082,0.383133861001563,1.31732748893255
"12",Galicia,"15","Coruña, A","021",Carral,"15021",ES_15021,ES,Carral,0,0,47.97162869,2024,3.15379473861048,3.62745343415429,carral,19.218,2.95584733985508,1.14860640671809,1.2885308687963
"12",Galicia,"15","Coruña, A","022",Cedeira,"15022",ES_15022,ES,Cedeira,0,0,85.40251689,2024,2.35080017200273,3.0891897858518,cedeira,16.298,2.79104240089803,0.854755768924098,1.1279088513019
"12",Galicia,"15","Coruña, A","023",Cee,"15023",ES_15023,ES,Cee,0,0,57.48413688,2024,1.45148971705312,3.57554722561326,cee,16.524,2.80481386953452,0.372590420098596,1.27411823453355
"12",Galicia,"15","Coruña, A","024",Cerceda,"15024",ES_15024,ES,Cerceda,0,0,110.96532955,2024,2.57109044878513,3.58858051945933,cerceda,17.44,2.85876641848083,0.944330108055887,1.2777567258303
"12",Galicia,"15","Coruña, A","025",Cerdido,"15025",ES_15025,ES,Cerdido,0,0,52.73403347,2024,2.30122305749525,3.03663444332026,cerdido,15.49,2.74019465442878,0.833440745727032,1.11074981112712
"12",Galicia,"15","Coruña, A","027",Coirós,"15027",ES_15027,ES,Coirós,0,0,33.61624325,2024,2.460693359375,3.3392333984375,coiros,18.388,2.91169827794398,0.900443163635534,1.20574125921864
"12",Galicia,"15","Coruña, A","028",Corcubión,"15028",ES_15028,ES,Corcubión,0,0,6.50868953,2024,1.459716796875,3.59228515625,corcubion,18.047,2.89297946597916,0.378242442161561,1.27878853377287
"12",Galicia,"15","Coruña, A","029",Coristanco,"15029",ES_15029,ES,Coristanco,0,0,141.1219704,2024,1.75644244013814,3.42842739003194,coristanco,16.216,2.7859984091497,0.563290422552956,1.23210166916945
"12",Galicia,"15","Coruña, A","030","Coruña, A","15030",ES_15030,ES,"Coruña, A",0,0,37.72055929,2024,3.6375732421875,3.7655029296875,"coruna, a",24.327,3.19158684463053,1.29131676760418,1.32588143259309
"12",Galicia,"15","Coruña, A","031",Culleredo,"15031",ES_15031,ES,Culleredo,0,0,62.13386851,2024,3.38109242011234,3.70068019524745,culleredo,20.682,3.02926375676278,1.21819885849333,1.30851663930767
"12",Galicia,"15","Coruña, A","032",Curtis,"15032",ES_15032,ES,Curtis,0,0,116.69519153,2024,1.81411231386886,3.22304093894915,curtis,17.71,2.87412945179474,0.595596264808739,1.17032530487772
"12",Galicia,"15","Coruña, A","033",Dodro,"15033",ES_15033,ES,Dodro,0,0,36.12273133,2024,1.94823586814546,3.7993275593407,dodro,16.883,2.82630719849506,0.666924280100677,1.33482409300518
"12",Galicia,"15","Coruña, A","034",Dumbría,"15034",ES_15034,ES,Dumbría,0,0,124.76468385,2024,1.42917027398452,3.54785301898433,dumbria,15.528,2.74264484586671,0.357094047891564,1.26634263714739
"12",Galicia,"15","Coruña, A","035",Fene,"15035",ES_15035,ES,Fene,0,0,26.32007061,2024,3.10655483857136,3.40379640791575,fene,17.83,2.88088243187505,1.1335143432135,1.22489139926199
"12",Galicia,"15","Coruña, A","036",Ferrol,"15036",ES_15036,ES,Ferrol,0,0,82.6187986,2024,3.31813243532051,3.69103681621548,ferrol,18.354,2.90984753439682,1.19940210517318,1.30590739858914
"12",Galicia,"15","Coruña, A","037",Fisterra,"15037",ES_15037,ES,Fisterra,0,0,29.42090066,2024,1.48046875,3.672607421875,fisterra,16.219,2.78618339450555,0.392358760602864,1.30090187897848
"12",Galicia,"15","Coruña, A","038",Frades,"15038",ES_15038,ES,Frades,0,0,81.73965929,2024,2.20028174701326,3.52161342676892,frades,17.503,2.8623722948087,0.788585418988621,1.25891924447274
"12",Galicia,"15","Coruña, A","039",Irixoa,"15039",ES_15039,ES,Irixoa,0,0,68.04984865,2024,2.47173947514516,3.27826503366438,irixoa,18.241,2.90367180770478,0.904922143728049,1.18731432929988
"12",Galicia,"15","Coruña, A","040",Laxe,"15040",ES_15040,ES,Laxe,0,0,36.4039344,2024,1.54153344368961,3.37030447710406,laxe,17.487,2.86145774773152,0.432777663658259,1.21500308957206
"12",Galicia,"15","Coruña, A","041","Laracha, A","15041",ES_15041,ES,"Laracha, A",0,0,125.80302432,2024,2.81980210295461,3.63238163020919,"laracha, a",17.598,2.86778525922337,1.03666670623032,1.28988852961592
"12",Galicia,"15","Coruña, A","042",Lousame,"15042",ES_15042,ES,Lousame,0,0,93.64729484,2024,1.77717297031022,3.83911808037786,lousame,15.18,2.71997877196748,0.575023882820485,1.34524267365397
"12",Galicia,"15","Coruña, A","043",Malpica de Bergantiños,"15043",ES_15043,ES,Malpica de Bergantiños,0,0,61.36342297,2024,1.77754844737884,3.46892116675341,malpica de bergantinos,17.187,2.84415328409455,0.575235138233155,1.24384364266552
"12",Galicia,"15","Coruña, A","044",Mañón,"15044",ES_15044,ES,Mañón,0,0,82.14936796,2024,1.60404752560657,2.72437097448368,manon,16.652,2.81253032933273,0.472530138435908,1.00223756641683
"12",Galicia,"15","Coruña, A","045",Mazaricos,"15045",ES_15045,ES,Mazaricos,0,0,187.24862782,2024,1.42823998327175,3.58351384526706,mazaricos,16.577,2.80801619244273,0.356442905310079,1.27634384006013
"12",Galicia,"15","Coruña, A","046",Melide,"15046",ES_15046,ES,Melide,0,0,101.27037493,2024,1.50710977163989,3.36778903715147,melide,16.273,2.78950729267848,0.410193758159378,1.21425645699294
"12",Galicia,"15","Coruña, A","047",Mesía,"15047",ES_15047,ES,Mesía,0,0,107.0242387,2024,2.21309353002986,3.48847036652232,mesia,15.829,2.7618437007036,0.794391324084477,1.24946334974228
"12",Galicia,"15","Coruña, A","048",Miño,"15048",ES_15048,ES,Miño,0,0,32.50977825,2024,3.21686096165349,3.51461515062039,mino,20.528,3.02178980787328,1.1684060274452,1.25693003153594
"12",Galicia,"15","Coruña, A","049",Moeche,"15049",ES_15049,ES,Moeche,0,0,48.53591748,2024,2.53408377336041,3.05973903171548,moeche,16.016,2.77358822257286,0.929832141084298,1.11832962857431
"12",Galicia,"15","Coruña, A","050",Monfero,"15050",ES_15050,ES,Monfero,0,0,172.5442,2024,2.39667091009185,3.21653442642738,monfero,17.461,2.85996982253999,0.874080653616204,1.16830451488249
"12",Galicia,"15","Coruña, A","051",Mugardos,"15051",ES_15051,ES,Mugardos,0,0,12.75656151,2024,3.2603759765625,3.55322265625,mugardos,18.001,2.89042731190857,1.18184251896249,1.26785498218769
"12",Galicia,"15","Coruña, A","052",Muxía,"15052",ES_15052,ES,Muxía,0,0,121.24263677,2024,1.49172080098097,3.43869870927642,muxia,15.626,2.74893619357455,0.399930353560629,1.23509311763146
"12",Galicia,"15","Coruña, A","053",Muros,"15053",ES_15053,ES,Muros,0,0,72.88311634,2024,1.5523218309922,3.84593198798191,muros,15.568,2.74521752544365,0.439751765593835,1.34701596317817
"12",Galicia,"15","Coruña, A","054",Narón,"15054",ES_15054,ES,Narón,0,0,66.85092491,2024,3.08741285218697,3.39070739309524,naron,17.23,2.84665205053984,1.12733347554342,1.22103857015326
"12",Galicia,"15","Coruña, A","055",Neda,"15055",ES_15055,ES,Neda,0,0,24.57374238,2024,3.07427295156642,3.38280440938868,neda,18.099,2.89585668812673,1.1230684347875,1.21870507239815
"12",Galicia,"15","Coruña, A","056",Negreira,"15056",ES_15056,ES,Negreira,0,0,115.12054526,2024,1.72298977347436,3.60052195242347,negreira,17.073,2.8374982682891,0.544061022226005,1.28107882173679
"12",Galicia,"15","Coruña, A","057",Noia,"15057",ES_15057,ES,Noia,0,0,37.177106,2024,1.71826577137601,3.66998398838909,noia,16.547,2.80620481650971,0.541315509720947,1.3001872992202
"12",Galicia,"15","Coruña, A","058",Oleiros,"15058",ES_15058,ES,Oleiros,0,0,43.54773692,2024,3.5577095936809,3.73566377105323,oleiros,30.879,3.43007634121253,1.26911696524946,1.31792551927519
"12",Galicia,"15","Coruña, A","059",Ordes,"15059",ES_15059,ES,Ordes,0,0,157.34231464,2024,2.37564549559082,3.5971168297863,ordes,17.102,2.83919541573376,0.865269188176229,1.28013264397093
"12",Galicia,"15","Coruña, A","060",Oroso,"15060",ES_15060,ES,Oroso,0,0,72.62346336,2024,2.34871673149154,3.66411305352198,oroso,18.153,2.89883583630829,0.853869107298885,1.29858630155475
"12",Galicia,"15","Coruña, A","061",Ortigueira,"15061",ES_15061,ES,Ortigueira,0,0,209.52537996,2024,1.93829217690008,2.88066090266497,ortigueira,17.729,2.87520171691624,0.661807264179461,1.05801974791333
"12",Galicia,"15","Coruña, A","062",Outes,"15062",ES_15062,ES,Outes,0,0,99.73684999,2024,1.48698259181827,3.66050078736585,outes,16.123,2.7802468239816,0.396748960495078,1.29759996520243
"12",Galicia,"15","Coruña, A","064",Paderne,"15064",ES_15064,ES,Paderne,0,0,39.960955,2024,3.02908540663999,3.46823226200184,paderne,19.011,2.94501775900949,1.1082607279632,1.24364502957128
"12",Galicia,"15","Coruña, A","065",Padrón,"15065",ES_15065,ES,Padrón,0,0,48.3942355,2024,1.98021530706828,3.78436647887569,padron,17.317,2.85168867797001,0.683205579738153,1.33087849609718
"12",Galicia,"15","Coruña, A","066","Pino, O","15066",ES_15066,ES,"Pino, O",0,0,131.86833559,2024,2.42023811111068,3.6535912968202,"pino, o",17.58,2.86676189225703,0.883865928349263,1.29571060080245
"12",Galicia,"15","Coruña, A","067","Pobra do Caramiñal, A","15067",ES_15067,ES,"Pobra do Caramiñal, A",0,0,32.50356916,2024,2.064208984375,4.1612548828125,"pobra do caraminal, a",17.304,2.85093768865076,0.724747094613337,1.42581668330683
"12",Galicia,"15","Coruña, A","068",Ponteceso,"15068",ES_15068,ES,Ponteceso,0,0,91.99730592,2024,1.71185007329691,3.39977994079784,ponteceso,17.59,2.86733055874947,0.53757469987591,1.22371070623272
"12",Galicia,"15","Coruña, A","069",Pontedeume,"15069",ES_15069,ES,Pontedeume,0,0,29.42592902,2024,3.15276947174864,3.47351864483199,pontedeume,17.914,2.885582530053,1.14828126395043,1.24516809887268
"12",Galicia,"15","Coruña, A","070","Pontes de García Rodríguez, As","15070",ES_15070,ES,"Pontes de García Rodríguez, As",0,0,250.4419577,2024,2.05769138511307,2.81516739371538,"pontes de garcia rodriguez, as",19.359,2.96315742762181,0.721584667524113,1.03502172473146
"12",Galicia,"15","Coruña, A","071",Porto do Son,"15071",ES_15071,ES,Porto do Son,0,0,94.54007686,2024,1.87936891012948,4.04767005830841,porto do son,16.243,2.78766204673726,0.630936034385324,1.39814142132838
"12",Galicia,"15","Coruña, A","072",Rianxo,"15072",ES_15072,ES,Rianxo,0,0,58.78045053,2024,1.98055857773913,3.90831289512724,rianxo,16.412,2.79801277457994,0.683378914890166,1.36310579625881
"12",Galicia,"15","Coruña, A","073",Ribeira,"15073",ES_15073,ES,Ribeira,0,0,68.63498134,2024,1.97971270793357,4.19678996570803,ribeira,16.083,2.77776281351351,0.682951737175607,1.43431993918881
"12",Galicia,"15","Coruña, A","074",Rois,"15074",ES_15074,ES,Rois,0,0,92.9817532,2024,1.91884731122522,3.76397709406808,rois,17.106,2.83942927915859,0.651724647015357,1.32547613617541
"12",Galicia,"15","Coruña, A","075",Sada,"15075",ES_15075,ES,Sada,0,0,27.50467787,2024,3.55859375,3.7022705078125,sada,19.9,2.99071973173045,1.2693654527804,1.30894628220368
"12",Galicia,"15","Coruña, A","076",San Sadurniño,"15076",ES_15076,ES,San Sadurniño,0,0,98.80031953,2024,2.90543610661501,3.24186833152869,san sadurnino,17.052,2.83626749890296,1.06658350179562,1.17614980914164
"12",Galicia,"15","Coruña, A","077",Santa Comba,"15077",ES_15077,ES,Santa Comba,0,0,203.67805751,2024,1.70240745428066,3.51205693847967,santa comba,16.47,2.80154054418955,0.532043398844901,1.25620188819261
"12",Galicia,"15","Coruña, A","078",Santiago de Compostela,"15078",ES_15078,ES,Santiago de Compostela,0,0,219.99407522,2024,2.28520096470521,3.72786619386187,santiago de compostela,23.581,3.16044130303103,0.826453970021594,1.31583600397477
"12",Galicia,"15","Coruña, A","079",Santiso,"15079",ES_15079,ES,Santiso,0,0,67.39897891,2024,1.50829689473985,3.3688092210655,santiso,16.093,2.77838439483636,0.410981130008441,1.21455933505772
"12",Galicia,"15","Coruña, A","080",Sobrado,"15080",ES_15080,ES,Sobrado,0,0,120.67924869,2024,1.5808685547885,3.21524027497994,sobrado,16.131,2.78074288649565,0.457974414219737,1.16790209050509
"12",Galicia,"15","Coruña, A","081","Somozas, As","15081",ES_15081,ES,"Somozas, As",0,0,70.94553605,2024,2.23294632222857,2.86104480051095,"somozas, as",16.729,2.81714374034914,0.803321934158243,1.0511868729845
"12",Galicia,"15","Coruña, A","082",Teo,"15082",ES_15082,ES,Teo,0,0,79.2761913,2024,2.00951258476355,3.77574862533209,teo,21.276,3.05757967688007,0.697892197521773,1.32859867438614
"12",Galicia,"15","Coruña, A","083",Toques,"15083",ES_15083,ES,Toques,0,0,77.91138713,2024,1.37954572083975,3.2638220697999,toques,13.999,2.63898589849269,0.321754257177631,1.18289892268702
"12",Galicia,"15","Coruña, A","084",Tordoia,"15084",ES_15084,ES,Tordoia,0,0,124.55410395,2024,2.25583073324029,3.6064299566018,tordoia,16.639,2.81174933743337,0.813518301228883,1.28271835133997
"12",Galicia,"15","Coruña, A","085",Touro,"15085",ES_15085,ES,Touro,0,0,115.33790683,2024,2.14181202994059,3.68344307481513,touro,15.817,2.76108531098135,0.761652213712067,1.30384793291928
"12",Galicia,"15","Coruña, A","086",Trazo,"15086",ES_15086,ES,Trazo,0,0,101.38000762,2024,2.25580362420796,3.64652148579671,trazo,17.032,2.83509392759118,0.813506283839978,1.29377369559446
"12",Galicia,"15","Coruña, A","087",Valdoviño,"15087",ES_15087,ES,Valdoviño,0,0,88.1912503,2024,2.82262604706242,3.37997224109351,valdovino,17.994,2.89003836899493,1.03766767399403,1.21786749676698
"12",Galicia,"15","Coruña, A","088",Val do Dubra,"15088",ES_15088,ES,Val do Dubra,0,0,108.65989417,2024,1.97736806158726,3.5854558507373,val do dubra,18.682,2.92756049345066,0.681766698629639,1.27688562098545
"12",Galicia,"15","Coruña, A","089",Vedra,"15089",ES_15089,ES,Vedra,0,0,52.78762828,2024,2.03230113411623,3.69000129503616,vedra,19.06,2.94759189822606,0.709168714659644,1.30562680901068
"12",Galicia,"15","Coruña, A","090",Vilasantar,"15090",ES_15090,ES,Vilasantar,0,0,59.11869509,2024,1.86999216908749,3.32924617980342,vilasantar,17.509,2.86271503444418,0.62593424320398,1.20274590593484
"12",Galicia,"15","Coruña, A","091",Vilarmaior,"15091",ES_15091,ES,Vilarmaior,0,0,30.36752839,2024,2.8438720703125,3.3656005859375,vilarmaior,19.183,2.9540244701542,1.04516652862001,1.21360642739016
"12",Galicia,"15","Coruña, A","092",Vimianzo,"15092",ES_15092,ES,Vimianzo,0,0,187.51626976,2024,1.45238636193114,3.39747687731987,vimianzo,16.846,2.82411323989317,0.373207970491336,1.22303306122747
"12",Galicia,"15","Coruña, A","093",Zas,"15093",ES_15093,ES,Zas,0,0,133.05970068,2024,1.53901270873989,3.39780153304862,zas,18.013,2.89109371944142,0.431141112613346,1.22312861455417
"12",Galicia,"15","Coruña, A","901",Cariño,"15901",ES_15901,ES,Cariño,0,0,47.17960539,2024,1.91869349018505,2.97846546717567,carino,15.193,2.72083479546163,0.651644480550315,1.09140822398739
"12",Galicia,"15","Coruña, A","902",Oza-Cesuras,"15902",ES_15902,ES,Oza-Cesuras,0,0,151.72511572,2024,2.4239585215882,3.41419752460833,oza-cesuras,17.672,2.87198146611782,0.885401956504639,1.22794247993594
"12",Galicia,"27",Lugo,"001",Abadín,"27001",ES_27001,ES,Abadín,0,0,195.59718135,2024,1.18102102601113,2.67160932879202,abadin,16.718,2.81648598327696,0.166379340622479,0.982681035700356
"12",Galicia,"27",Lugo,"002",Alfoz,"27002",ES_27002,ES,Alfoz,0,0,77.47435363,2024,1.27382886085544,2.55305906849648,alfoz,16.683,2.81439023687354,0.242027215988016,0.937292274888083
"12",Galicia,"27",Lugo,"003",Antas de Ulla,"27003",ES_27003,ES,Antas de Ulla,0,0,103.57967248,2024,1.08122397258872,3.21906804085363,antas de ulla,15.847,2.76298020796067,0.0780937073799821,1.16909188935754
"12",Galicia,"27",Lugo,"004",Baleira,"27004",ES_27004,ES,Baleira,0,0,168.85826266,2024,0.977940980186781,3.54517492289128,baleira,15.836,2.76228582924388,-0.0223059582255798,1.26558750231858
"12",Galicia,"27",Lugo,"005",Barreiros,"27005",ES_27005,ES,Barreiros,0,0,72.35222692,2024,1.37080402522149,2.74235404629152,barreiros,18.995,2.94417578663959,0.315397447417197,1.00881669253192
"12",Galicia,"27",Lugo,"006",Becerreá,"27006",ES_27006,ES,Becerreá,0,0,172.06494974,2024,0.827695638056517,3.42420552704341,becerrea,15.842,2.76266464104209,-0.189109779061762,1.2308694818996
"12",Galicia,"27",Lugo,"007",Begonte,"27007",ES_27007,ES,Begonte,0,0,126.83403125,2024,1.31197490235601,3.0514241728592,begonte,15.885,2.76537526772148,0.271533561037109,1.11560842355691
"12",Galicia,"27",Lugo,"008",Bóveda,"27008",ES_27008,ES,Bóveda,0,0,91.10603304,2024,0.999211136969073,3.20478681128997,boveda,14.729,2.68981833950741,-0.000789174347102053,1.16464557062201
"12",Galicia,"27",Lugo,"009",Carballedo,"27009",ES_27009,ES,Carballedo,0,0,138.86905475,2024,1.15808895856374,3.28145772264006,carballedo,16.351,2.79428905755245,0.14677119706702,1.18828775130151
"12",Galicia,"27",Lugo,"010",Castro de Rei,"27010",ES_27010,ES,Castro de Rei,0,0,176.97390993,2024,1.23458819647701,3.14557129495213,castro de rei,16.578,2.80807651516933,0.210737470326909,1.14599552546879
"12",Galicia,"27",Lugo,"011",Castroverde,"27011",ES_27011,ES,Castroverde,0,0,174.09094631,2024,1.0641253059667,3.47421632862209,castroverde,17.138,2.84129822024693,0.0621531527509546,1.2453689366407
"12",Galicia,"27",Lugo,"012",Cervantes,"27012",ES_27012,ES,Cervantes,0,0,277.63322311,2024,0.847420269604627,3.44389035717597,cervantes,13.9,2.63188884013665,-0.165558521315747,1.23660175016323
"12",Galicia,"27",Lugo,"013",Cervo,"27013",ES_27013,ES,Cervo,0,0,77.7668074,2024,1.67046909912779,2.71227620713596,cervo,18.522,2.91895921474808,0.513104484665606,0.997788211181238
"12",Galicia,"27",Lugo,"014","Corgo, O","27014",ES_27014,ES,"Corgo, O",0,0,157.3055303,2024,1.05162892667935,3.42618482342131,"corgo, o",18.587,2.92246241162622,0.0503403207978089,1.23144734573851
"12",Galicia,"27",Lugo,"015",Cospeito,"27015",ES_27015,ES,Cospeito,0,0,144.63337811,2024,1.235156006852,3.01295620898306,cospeito,16.21,2.78562833574758,0.211197283439722,1.10292172601767
"12",Galicia,"27",Lugo,"016",Chantada,"27016",ES_27016,ES,Chantada,0,0,176.71148417,2024,1.08586342009314,3.23058104163718,chantada,17.07,2.83732253680635,0.0823754494159728,1.17266201010823
"12",Galicia,"27",Lugo,"017",Folgoso do Courel,"27017",ES_27017,ES,Folgoso do Courel,0,0,193.24925615,2024,0.779288731495335,3.06871305121989,folgoso do courel,13.313,2.58874100144978,-0.249373658014741,1.12125827215253
"12",Galicia,"27",Lugo,"018","Fonsagrada, A","27018",ES_27018,ES,"Fonsagrada, A",0,0,438.41474371,2024,0.995514740641912,3.54887563401387,"fonsagrada, a",16.707,2.81582779327564,-0.00449534831286507,1.26663083050707
"12",Galicia,"27",Lugo,"019",Foz,"27019",ES_27019,ES,Foz,0,0,100.2806557,2024,1.45570649426805,2.66847739111433,foz,19.004,2.94464948332468,0.375491345846682,0.981508044248692
"12",Galicia,"27",Lugo,"020",Friol,"27020",ES_27020,ES,Friol,0,0,292.13255677,2024,1.23061161060721,3.17746113058577,friol,15.23,2.72326716690707,0.207511290195405,1.15608249130351
"12",Galicia,"27",Lugo,"021",Xermade,"27021",ES_27021,ES,Xermade,0,0,165.36979051,2024,1.48790311289991,2.79502612042604,xermade,18.155,2.8989460048663,0.397367821992554,1.02784145197521
"12",Galicia,"27",Lugo,"022",Guitiriz,"27022",ES_27022,ES,Guitiriz,0,0,293.99664834,2024,1.51295710587449,3.07068948527922,guitiriz,16.875,2.82583323675859,0.414066084023961,1.12190212442182
"12",Galicia,"27",Lugo,"023",Guntín,"27023",ES_27023,ES,Guntín,0,0,154.74170318,2024,1.08064050344237,3.27140991915382,guntin,15.115,2.71568762823142,0.0775539240892298,1.18522105991993
"12",Galicia,"27",Lugo,"024","Incio, O","27024",ES_27024,ES,"Incio, O",0,0,146.11302898,2024,0.926722043849889,3.17568073820316,"incio, o",14.594,2.68061048534343,-0.0761016032008549,1.15552201509631
"12",Galicia,"27",Lugo,"025",Xove,"27025",ES_27025,ES,Xove,0,0,89.10294296,2024,1.70306953109478,2.67981262193783,xove,16.423,2.79868279135542,0.532432229440616,0.985746874891069
"12",Galicia,"27",Lugo,"026",Láncara,"27026",ES_27026,ES,Láncara,0,0,121.67128744,2024,0.895282222924245,3.36730135276712,lancara,14.243,2.65626555795245,-0.110616277537993,1.21411163803522
"12",Galicia,"27",Lugo,"027",Lourenzá,"27027",ES_27027,ES,Lourenzá,0,0,62.50786055,2024,1.24844986162437,2.74674740454929,lourenza,16.502,2.80348158568215,0.221902671040124,1.01041744968143
"12",Galicia,"27",Lugo,"028",Lugo,"27028",ES_27028,ES,Lugo,0,0,329.75478975,2024,1.17151407796613,3.29207487952234,lugo,20.985,3.04380789678555,0.158296995936724,1.19151802846207
"12",Galicia,"27",Lugo,"029",Meira,"27029",ES_27029,ES,Meira,0,0,46.55234989,2024,1.10173980946886,3.33883758145754,meira,19.374,2.96393196100419,0.096890575292923,1.20562271690856
"12",Galicia,"27",Lugo,"030",Mondoñedo,"27030",ES_27030,ES,Mondoñedo,0,0,142.61277007,2024,1.22265465159681,2.70564647864283,mondonedo,17.556,2.86539577182599,0.201024438739556,0.995340877696926
"12",Galicia,"27",Lugo,"031",Monforte de Lemos,"27031",ES_27031,ES,Monforte de Lemos,0,0,199.556153,2024,0.937510451923137,3.08350354289766,monforte de lemos,16.844,2.82399451029968,-0.0645273724817051,1.12606646443453
"12",Galicia,"27",Lugo,"032",Monterroso,"27032",ES_27032,ES,Monterroso,0,0,114.55754412,2024,1.05134906128978,3.20092948624363,monterroso,17.357,2.85399588323874,0.0500741597701373,1.16344123208018
"12",Galicia,"27",Lugo,"033",Muras,"27033",ES_27033,ES,Muras,0,0,163.86478045,2024,1.39746072927861,2.5859859155065,muras,15.508,2.74135601980868,0.334656824957197,0.950106833894965
"12",Galicia,"27",Lugo,"034",Navia de Suarna,"27034",ES_27034,ES,Navia de Suarna,0,0,243.89580141,2024,0.875561520047525,3.68910353510783,navia de suarna,16.238,2.78735417444025,-0.132889861252614,1.30538348412144
"12",Galicia,"27",Lugo,"035",Negueira de Muñiz,"27035",ES_27035,ES,Negueira de Muñiz,0,0,72.34618307,2024,0.949378611730724,3.8028186754874,negueira de muniz,8.152,2.09826329592042,-0.0519476013146761,1.33574254847401
"12",Galicia,"27",Lugo,"037","Nogais, As","27037",ES_27037,ES,"Nogais, As",0,0,110.32495963,2024,0.748051364265834,3.16837834837897,"nogais, as",13.853,2.62850181567574,-0.290283634560664,1.15321989497113
"12",Galicia,"27",Lugo,"038",Ourol,"27038",ES_27038,ES,Ourol,0,0,141.94642778,2024,1.47286392158401,2.56117226960184,ourol,12.961,2.56194484844124,0.387208751396334,0.940465071492325
"12",Galicia,"27",Lugo,"039",Outeiro de Rei,"27039",ES_27039,ES,Outeiro de Rei,0,0,134.1696009,2024,1.29942895834898,3.17891745090203,outeiro de rei,18.898,2.93905609636043,0.261924905154846,1.15654071458996
"12",Galicia,"27",Lugo,"040",Palas de Rei,"27040",ES_27040,ES,Palas de Rei,0,0,199.69599136,2024,1.13899572713645,3.23644992473303,palas de rei,16.634,2.8114487934465,0.130146933041372,1.1744770268408
"12",Galicia,"27",Lugo,"041",Pantón,"27041",ES_27041,ES,Pantón,0,0,143.22409871,2024,0.999607031136938,3.15691969259441,panton,14.411,2.66799180385622,-0.000393046095559591,1.14959677136647
"12",Galicia,"27",Lugo,"042",Paradela,"27042",ES_27042,ES,Paradela,0,0,121.12434825,2024,0.998257317713294,3.30279297721062,paradela,14.145,2.64936120475353,-0.00174420252393285,1.19476846724503
"12",Galicia,"27",Lugo,"043","Páramo, O","27043",ES_27043,ES,"Páramo, O",0,0,74.79663677,2024,1.01425483447943,3.36989917297927,"paramo, o",13.94,2.63476240533238,0.0141541896490658,1.21488282491944
"12",Galicia,"27",Lugo,"044","Pastoriza, A","27044",ES_27044,ES,"Pastoriza, A",0,0,174.99712772,2024,1.16583131556241,2.95578307599957,"pastoriza, a",16.715,2.81630651987206,0.153434408133707,1.08376361608994
"12",Galicia,"27",Lugo,"045",Pedrafita do Cebreiro,"27045",ES_27045,ES,Pedrafita do Cebreiro,0,0,104.87816973,2024,0.765333535166575,3.11985267261659,pedrafita do cebreiro,14.018,2.64034221807813,-0.267443546491432,1.13778578039128
"12",Galicia,"27",Lugo,"046",Pol,"27046",ES_27046,ES,Pol,0,0,125.94488478,2024,1.12182809666351,3.3622904369735,pol,18.133,2.89773348267189,0.11495958383257,1.21262241940911
"12",Galicia,"27",Lugo,"047","Pobra do Brollón, A","27047",ES_27047,ES,"Pobra do Brollón, A",0,0,176.65805044,2024,0.865838634897208,3.0080154591822,"pobra do brollon, a",15.553,2.74425354606242,-0.14405672161895,1.10128054543017
"12",Galicia,"27",Lugo,"048","Pontenova, A","27048",ES_27048,ES,"Pontenova, A",0,0,135.7946604,2024,1.18967103528107,3.28637912048117,"pontenova, a",16.841,2.82381638947392,0.173676827966324,1.18978638742166
"12",Galicia,"27",Lugo,"049",Portomarín,"27049",ES_27049,ES,Portomarín,0,0,115.1067988,2024,0.987294079917454,3.25878967201226,portomarin,21.187,3.05338778604215,-0.0127873306174374,1.18135586018833
"12",Galicia,"27",Lugo,"050",Quiroga,"27050",ES_27050,ES,Quiroga,0,0,317.61876357,2024,0.666206830840992,2.95495195014892,quiroga,16.318,2.79226879300661,-0.406155099836229,1.08348239020096
"12",Galicia,"27",Lugo,"051",Ribadeo,"27051",ES_27051,ES,Ribadeo,0,0,108.91500899,2024,1.42162850453889,2.89921622325944,ribadeo,19.541,2.97251482237781,0.351803048683516,1.06444043262192
"12",Galicia,"27",Lugo,"052",Ribas de Sil,"27052",ES_27052,ES,Ribas de Sil,0,0,67.76882081,2024,0.716422892568538,2.92281647770374,ribas de sil,14.2,2.65324196460721,-0.333484654297005,1.0725476985623
"12",Galicia,"27",Lugo,"053",Ribeira de Piquín,"27053",ES_27053,ES,Ribeira de Piquín,0,0,72.97118376,2024,1.06494392217298,3.48423531222064,ribeira de piquin,13.576,2.60830352793193,0.0629221425384161,1.24824859753056
"12",Galicia,"27",Lugo,"054",Riotorto,"27054",ES_27054,ES,Riotorto,0,0,66.32464861,2024,1.18447830020182,3.02864300602235,riotorto,16.393,2.79685441444432,0.169302424653049,1.10811466640736
"12",Galicia,"27",Lugo,"055",Samos,"27055",ES_27055,ES,Samos,0,0,136.74055188,2024,0.851246813875557,3.18793263795018,samos,14.012,2.63991410533524,-0.161053164402886,1.15937263082712
"12",Galicia,"27",Lugo,"056",Rábade,"27056",ES_27056,ES,Rábade,0,0,5.16699336,2024,1.318603515625,3.035888671875,rabade,16.621,2.81066695608897,0.276573233873547,1.11050418951816
"12",Galicia,"27",Lugo,"057",Sarria,"27057",ES_27057,ES,Sarria,0,0,184.62512676,2024,0.959934617779443,3.33419681035955,sarria,17.829,2.88082634505263,-0.0408901033193536,1.20423181388793
"12",Galicia,"27",Lugo,"058","Saviñao, O","27058",ES_27058,ES,"Saviñao, O",0,0,196.53067817,2024,1.00615060520743,3.23695944338526,"savinao, o",15.16,2.71866038021423,0.00613176743820935,1.17463444579094
"12",Galicia,"27",Lugo,"059",Sober,"27059",ES_27059,ES,Sober,0,0,133.34465798,2024,0.882332343611433,3.05183728715402,sober,13.164,2.57748583108109,-0.125186487133522,1.11574379848659
"12",Galicia,"27",Lugo,"060",Taboada,"27060",ES_27060,ES,Taboada,0,0,146.65374551,2024,1.03599214689579,3.20454942806784,taboada,16.314,2.79202363487839,0.0353595635921383,1.16457149642357
"12",Galicia,"27",Lugo,"061",Trabada,"27061",ES_27061,ES,Trabada,0,0,82.74693283,2024,1.26325977062283,2.89431805372113,trabada,15.968,2.77058671956911,0.233695499672403,1.06274952324909
"12",Galicia,"27",Lugo,"062",Triacastela,"27062",ES_27062,ES,Triacastela,0,0,51.17447008,2024,0.85505921955168,3.22744232795119,triacastela,15.117,2.71581993836657,-0.156584549810379,1.17168997462508
"12",Galicia,"27",Lugo,"063","Valadouro, O","27063",ES_27063,ES,"Valadouro, O",0,0,110.49686389,2024,1.41417530199011,2.53048642271782,"valadouro, o",16.101,2.7788813818628,0.346546535737742,0.928411546203273
"12",Galicia,"27",Lugo,"064","Vicedo, O","27064",ES_27064,ES,"Vicedo, O",0,0,75.92719959,2024,1.57791143034385,2.66871251579263,"vicedo, o",16.732,2.81732305357995,0.456102093056225,0.981596152291523
"12",Galicia,"27",Lugo,"065",Vilalba,"27065",ES_27065,ES,Vilalba,0,0,380.79347934,2024,1.32610934012531,2.76979391442215,vilalba,17.911,2.88541504924312,0.28224934698052,1.01877291830592
"12",Galicia,"27",Lugo,"066",Viveiro,"27066",ES_27066,ES,Viveiro,0,0,109.26790989,2024,1.62371473106981,2.61823414639243,viveiro,18.273,2.90542456052246,0.484716568101529,0.962500100613133
"12",Galicia,"27",Lugo,"901",Baralla,"27901",ES_27901,ES,Baralla,0,0,141.15818821,2024,0.851537705965954,3.44891884366422,baralla,15.028,2.70991512771172,-0.160711498044239,1.23806080328187
"12",Galicia,"27",Lugo,"902",Burela,"27902",ES_27902,ES,Burela,0,0,7.76409681,2024,1.58935546875,2.720458984375,burela,17.643,2.87033910414593,0.463328568483271,1.00080061032771
"12",Galicia,"32",Ourense,"001",Allariz,"32001",ES_32001,ES,Allariz,0,0,85.94763685,2024,1.50058290001407,2.9467265094128,allariz,19.032,2.94612177300066,0.405853632632116,1.08069489639948
"12",Galicia,"32",Ourense,"002",Amoeiro,"32002",ES_32002,ES,Amoeiro,0,0,39.69505393,2024,1.35923756987512,3.28231577135553,amoeiro,15.73,2.75556971707019,0.306923932161262,1.18854920112794
"12",Galicia,"32",Ourense,"003","Arnoia, A","32003",ES_32003,ES,"Arnoia, A",0,0,20.70646846,2024,1.16162109375,3.107177734375,"arnoia, a",14.533,2.67642192564403,0.149816524143559,1.1337148332727
"12",Galicia,"32",Ourense,"004",Avión,"32004",ES_32004,ES,Avión,0,0,121.36753637,2024,1.24820561493408,3.39509423842181,avion,12.435,2.52051507725537,0.221707011932683,1.22233151862889
"12",Galicia,"32",Ourense,"005",Baltar,"32005",ES_32005,ES,Baltar,0,0,94.01444634,2024,0.828901926031515,2.28217066178902,baltar,12.486,2.52460801663955,-0.18765343478799,0.825127034703588
"12",Galicia,"32",Ourense,"006",Bande,"32006",ES_32006,ES,Bande,0,0,98.94689447,2024,1.01753124120592,2.45505297104546,bande,14.678,2.68634977412287,0.0173793417511404,0.898148337814303
"12",Galicia,"32",Ourense,"007",Baños de Molgas,"32007",ES_32007,ES,Baños de Molgas,0,0,67.6453793,2024,1.31016187727791,3.07253925646352,banos de molgas,13.977,2.63741312150277,0.270150700020012,1.12250433909361
"12",Galicia,"32",Ourense,"008",Barbadás,"32008",ES_32008,ES,Barbadás,0,0,30.01861584,2024,1.48574339343203,3.21772441484734,barbadas,16.726,2.81696439495933,0.395915248633194,1.16867440626015
"12",Galicia,"32",Ourense,"009","Barco de Valdeorras, O","32009",ES_32009,ES,"Barco de Valdeorras, O",0,0,85.40063262,2024,0.771531451916153,2.95826573064952,"barco de valdeorras, o",18.488,2.91712187297208,-0.259377840782205,1.08460319482084
"12",Galicia,"32",Ourense,"010",Beade,"32010",ES_32010,ES,Beade,0,0,6.37823586,2024,1.179443359375,3.278076171875,beade,17.285,2.84983907337359,0.165042597835063,1.18725671735336
"12",Galicia,"32",Ourense,"011",Beariz,"32011",ES_32011,ES,Beariz,0,0,55.96713261,2024,1.23807830520655,3.40304566144663,beariz,11.738,2.46283144213614,0.213560423640595,1.22467081342658
"12",Galicia,"32",Ourense,"012","Blancos, Os","32012",ES_32012,ES,"Blancos, Os",0,0,47.53088847,2024,0.837259750195715,2.32357871832111,"blancos, os",12.485,2.52452792373174,-0.177620921874628,0.843108548168971
"12",Galicia,"32",Ourense,"013",Boborás,"32013",ES_32013,ES,Boborás,0,0,87.78173073,2024,1.20738416865997,3.32692710777425,boboras,11.77,2.46555392127219,0.188456175367745,1.20204908750094
"12",Galicia,"32",Ourense,"014","Bola, A","32014",ES_32014,ES,"Bola, A",0,0,34.9040045,2024,1.368408203125,2.7530517578125,"bola, a",12.714,2.54270374851422,0.313648168786917,1.01271002649682
"12",Galicia,"32",Ourense,"015","Bolo, O","32015",ES_32015,ES,"Bolo, O",0,0,91.14088775,2024,0.522447707654647,2.79079823446076,"bolo, o",15.962,2.77021089745382,-0.649230381195351,1.02632766045438
"12",Galicia,"32",Ourense,"016",Calvos de Randín,"32016",ES_32016,ES,Calvos de Randín,0,0,97.85059311,2024,0.845748300975503,2.17666460518971,calvos de randin,12.788,2.5485072311976,-0.167533480220171,0.777793707540018
"12",Galicia,"32",Ourense,"017",Carballeda de Valdeorras,"32017",ES_32017,ES,Carballeda de Valdeorras,0,0,222.65373559,2024,0.505363550051171,2.73520524458412,carballeda de valdeorras,12.753,2.54576653804476,-0.682477207619842,1.00620647678193
"12",Galicia,"32",Ourense,"018",Carballeda de Avia,"32018",ES_32018,ES,Carballeda de Avia,0,0,46.27609629,2024,1.18566353739989,3.28800541901844,carballeda de avia,13.937,2.63454717413737,0.17030256504808,1.19028112531254
"12",Galicia,"32",Ourense,"019","Carballiño, O","32019",ES_32019,ES,"Carballiño, O",0,0,54.39900223,2024,1.22568174480514,3.28653019891173,"carballino, o",17.594,2.86755793483048,0.203497215564867,1.1898323574551
"12",Galicia,"32",Ourense,"020",Cartelle,"32020",ES_32020,ES,Cartelle,0,0,94.24374259,2024,1.34137963243405,3.12969522396914,cartelle,13.063,2.56978380650443,0.293698660755824,1.14093562727723
"12",Galicia,"32",Ourense,"021",Castrelo do Val,"32021",ES_32021,ES,Castrelo do Val,0,0,122.02450318,2024,0.674294081880655,2.83899418794138,castrelo do val,13.03,2.56725439113675,-0.394088939966079,1.04344983026837
"12",Galicia,"32",Ourense,"022",Castrelo de Miño,"32022",ES_32022,ES,Castrelo de Miño,0,0,39.76459005,2024,1.24032461276851,3.19633534571996,castrelo de mino,14.892,2.70082415601047,0.215373129848099,1.16200494909546
"12",Galicia,"32",Ourense,"023",Castro Caldelas,"32023",ES_32023,ES,Castro Caldelas,0,0,87.5907144,2024,0.77255837279068,2.95843308851189,castro caldelas,16.812,2.82209291714287,-0.258047709581932,1.08465976618522
"12",Galicia,"32",Ourense,"024",Celanova,"32024",ES_32024,ES,Celanova,0,0,67.29927788,2024,1.23473030424259,2.72984285284129,celanova,16.914,2.82814168136003,0.210852569100674,1.00424404447825
"12",Galicia,"32",Ourense,"025",Cenlle,"32025",ES_32025,ES,Cenlle,0,0,29.07347492,2024,1.1995849609375,3.2852783203125,cenlle,16.857,2.82476600079817,0.181975631083138,1.1894513729481
"12",Galicia,"32",Ourense,"026",Coles,"32026",ES_32026,ES,Coles,0,0,38.12192518,2024,1.31202803193601,3.30027054791202,coles,16.215,2.78593673975928,0.271574056098537,1.19400444932768
"12",Galicia,"32",Ourense,"027",Cortegada,"32027",ES_32027,ES,Cortegada,0,0,26.8722336,2024,1.092529296875,2.9080810546875,cortegada,14.391,2.66660301118804,0.088495463989612,1.06749343228403
"12",Galicia,"32",Ourense,"028",Cualedro,"32028",ES_32028,ES,Cualedro,0,0,117.70983864,2024,0.823576107581298,2.53296105569121,cualedro,12.867,2.55466589420285,-0.194099313985454,0.929388996124879
"12",Galicia,"32",Ourense,"029",Chandrexa de Queixa,"32029",ES_32029,ES,Chandrexa de Queixa,0,0,171.78331382,2024,0.651692071809625,2.8672213556012,chandrexa de queixa,12.136,2.49617624204623,-0.428183111116566,1.05334339201334
"12",Galicia,"32",Ourense,"030",Entrimo,"32030",ES_32030,ES,Entrimo,0,0,84.49691622,2024,0.923213862176767,2.44388952359675,entrimo,13.194,2.57976218080068,-0.0798943679849142,0.893590837176672
"12",Galicia,"32",Ourense,"031",Esgos,"32031",ES_32031,ES,Esgos,0,0,37.773328,2024,1.2923583984375,3.140625,esgos,14.687,2.68696274877173,0.256468765064091,1.1444218246994
"12",Galicia,"32",Ourense,"032",Xinzo de Limia,"32032",ES_32032,ES,Xinzo de Limia,0,0,132.65565064,2024,1.02339200173143,2.53212987604028,xinzo de limia,17.206,2.84525816019916,0.0231226019698338,0.929060796821215
"12",Galicia,"32",Ourense,"033",Gomesende,"32033",ES_32033,ES,Gomesende,0,0,28.30943349,2024,1.0872947191345,2.81439474018857,gomesende,13.833,2.62705704189268,0.0836927021482848,1.03474722610677
"12",Galicia,"32",Ourense,"034","Gudiña, A","32034",ES_32034,ES,"Gudiña, A",0,0,171.41029867,2024,0.538655584972438,2.82391578103347,"gudina, a",14.3,2.66025953726586,-0.618678901232978,1.03812449660608
"12",Galicia,"32",Ourense,"035","Irixo, O","32035",ES_32035,ES,"Irixo, O",0,0,121.04486555,2024,1.20307959590225,3.25915153554386,"irixo, o",12.873,2.5551320946775,0.184884599311043,1.18146689633316
"12",Galicia,"32",Ourense,"036",Xunqueira de Ambía,"32036",ES_32036,ES,Xunqueira de Ambía,0,0,60.20615995,2024,1.35230701354128,2.89373637454767,xunqueira de ambia,14.315,2.66130793855008,0.301812032863433,1.06254853026168
"12",Galicia,"32",Ourense,"037",Xunqueira de Espadanedo,"32037",ES_32037,ES,Xunqueira de Espadanedo,0,0,27.65482284,2024,1.2412109375,3.0968017578125,xunqueira de espadanedo,15,2.70805020110221,0.216087465590001,1.13036988790336
"12",Galicia,"32",Ourense,"038",Larouco,"32038",ES_32038,ES,Larouco,0,0,23.67689141,2024,0.610107421875,2.848388671875,larouco,15.47,2.73890266458497,-0.494120235884391,1.04675345610451
"12",Galicia,"32",Ourense,"039",Laza,"32039",ES_32039,ES,Laza,0,0,215.96493777,2024,0.68575671273536,2.82390174302433,laza,13.404,2.59555316987506,-0.37723236031644,1.03811952547906
"12",Galicia,"32",Ourense,"040",Leiro,"32040",ES_32040,ES,Leiro,0,0,38.1357061,2024,1.1916097968175,3.28597854067979,leiro,14.103,2.6463875407101,0.175305163388734,1.18966448906417
"12",Galicia,"32",Ourense,"041",Lobeira,"32041",ES_32041,ES,Lobeira,0,0,68.86250908,2024,0.898442067918526,2.44674859645499,lobeira,11.327,2.42718925621858,-0.107093051277367,0.894760039687166
"12",Galicia,"32",Ourense,"042",Lobios,"32042",ES_32042,ES,Lobios,0,0,168.33262817,2024,0.888027194770793,2.14982380573218,lobios,12.365,2.51486990097338,-0.118752911717011,0.765385887959178
"12",Galicia,"32",Ourense,"043",Maceda,"32043",ES_32043,ES,Maceda,0,0,101.89456991,2024,0.808222950075614,3.02189190723755,maceda,16.939,2.82961865560424,-0.212917330210854,1.10588309459322
"12",Galicia,"32",Ourense,"044",Manzaneda,"32044",ES_32044,ES,Manzaneda,0,0,114.60101057,2024,0.609731371616866,2.86614856164615,manzaneda,14.583,2.67985646673143,-0.494736793206643,1.05296916394746
"12",Galicia,"32",Ourense,"045",Maside,"32045",ES_32045,ES,Maside,0,0,40.03881682,2024,1.24948382781617,3.2858925893685,maside,13.719,2.61878173334403,0.222730528284876,1.18963833173102
"12",Galicia,"32",Ourense,"046",Melón,"32046",ES_32046,ES,Melón,0,0,53.26054276,2024,1.1776434860875,3.15455986752035,melon,13.596,2.60977563183387,0.163515396034424,1.14884898309858
"12",Galicia,"32",Ourense,"047","Merca, A","32047",ES_32047,ES,"Merca, A",0,0,51.02613446,2024,1.48704851744128,3.06685807260524,"merca, a",14.605,2.6813639358397,0.396793294680299,1.12065360841912
"12",Galicia,"32",Ourense,"048","Mezquita, A","32048",ES_32048,ES,"Mezquita, A",0,0,104.27541098,2024,0.527884232806869,2.80903123695733,"mezquita, a",13.085,2.57146653598211,-0.638878275363593,1.0328396683726
"12",Galicia,"32",Ourense,"049",Montederramo,"32049",ES_32049,ES,Montederramo,0,0,135.59197761,2024,0.773664212008462,2.96325532736123,montederramo,14.507,2.67463129155677,-0.256617334140262,1.08628843678611
"12",Galicia,"32",Ourense,"050",Monterrei,"32050",ES_32050,ES,Monterrei,0,0,119.10597566,2024,0.813241757585156,2.70535659604082,monterrei,13.212,2.58112550752854,-0.206726848835086,0.99523373209073
"12",Galicia,"32",Ourense,"051",Muíños,"32051",ES_32051,ES,Muíños,0,0,109.57825667,2024,0.847287213146885,2.2378081211358,muinos,11.135,2.41009330070933,-0.16571554718525,0.805496869456217
"12",Galicia,"32",Ourense,"052",Nogueira de Ramuín,"32052",ES_32052,ES,Nogueira de Ramuín,0,0,98.3058298,2024,1.20217873108435,3.15493101126988,nogueira de ramuin,15.025,2.70971548042127,0.184135519804766,1.14896662927863
"12",Galicia,"32",Ourense,"053",Oímbra,"32053",ES_32053,ES,Oímbra,0,0,71.63457789,2024,0.868769696497741,2.60411560998927,oimbra,11.063,2.40360620705277,-0.140677210132531,0.957093120438095
"12",Galicia,"32",Ourense,"054",Ourense,"32054",ES_32054,ES,Ourense,0,0,84.76851575,2024,1.47326347155581,3.29455229109159,ourense,21.546,3.070190184472,0.387479988801196,1.19227028348484
"12",Galicia,"32",Ourense,"055",Paderne de Allariz,"32055",ES_32055,ES,Paderne de Allariz,0,0,38.7573292,2024,1.46125131115355,3.12206798750283,paderne de allariz,15.575,2.74566706467352,0.379293131085895,1.13849559876286
"12",Galicia,"32",Ourense,"056",Padrenda,"32056",ES_32056,ES,Padrenda,0,0,57.02269916,2024,0.98828125,2.63720703125,padrenda,13.191,2.57953477886678,-0.0117879557520422,0.969720414433493
"12",Galicia,"32",Ourense,"057",Parada de Sil,"32057",ES_32057,ES,Parada de Sil,0,0,62.39975317,2024,0.83957084866766,2.96441964891995,parada de sil,11.584,2.44962483564336,-0.174864412139073,1.08668127936886
"12",Galicia,"32",Ourense,"058","Pereiro de Aguiar, O","32058",ES_32058,ES,"Pereiro de Aguiar, O",0,0,60.9322311,2024,1.39143769054092,3.23059163595021,"pereiro de aguiar, o",16.891,2.82678093569821,0.330337522354499,1.172665289486
"12",Galicia,"32",Ourense,"059","Peroxa, A","32059",ES_32059,ES,"Peroxa, A",0,0,54.49616576,2024,1.203125,3.290771484375,"peroxa, a",12.197,2.5011900198611,0.184922338494012,1.19112203101893
"12",Galicia,"32",Ourense,"060",Petín,"32060",ES_32060,ES,Petín,0,0,30.47779941,2024,0.5631103515625,2.824951171875,petin,14.979,2.70664922018658,-0.574279663721469,1.03849108015699
"12",Galicia,"32",Ourense,"061",Piñor,"32061",ES_32061,ES,Piñor,0,0,52.6981569,2024,1.22055183097587,3.2533462913348,pinor,14.92,2.70270259477561,0.199303076951124,1.17968409474121
"12",Galicia,"32",Ourense,"062",Porqueira,"32062",ES_32062,ES,Porqueira,0,0,43.43545603,2024,1.12620664693575,2.53107247220213,porqueira,11.194,2.41537792046917,0.118855035912733,0.928643114974512
"12",Galicia,"32",Ourense,"063","Pobra de Trives, A","32063",ES_32063,ES,"Pobra de Trives, A",0,0,84.1060946,2024,0.639439512085582,2.86353307973675,"pobra de trives, a",18.605,2.92343036179859,-0.447163248698597,1.05205620498926
"12",Galicia,"32",Ourense,"064",Pontedeva,"32064",ES_32064,ES,Pontedeva,0,0,9.86146303,2024,1.0234375,2.708984375,pontedeva,12.371,2.51535502388069,0.0231670592815344,0.996573795275324
"12",Galicia,"32",Ourense,"065",Punxín,"32065",ES_32065,ES,Punxín,0,0,17.08929784,2024,1.34033203125,3.2799072265625,punxin,14.043,2.64212405098604,0.292917367784233,1.18781513741143
"12",Galicia,"32",Ourense,"066",Quintela de Leirado,"32066",ES_32066,ES,Quintela de Leirado,0,0,31.24396469,2024,1.03601474300968,2.71848420748603,quintela de leirado,12.967,2.56240766856675,0.0353813744403565,1.00007444831201
"12",Galicia,"32",Ourense,"067",Rairiz de Veiga,"32067",ES_32067,ES,Rairiz de Veiga,0,0,72.06978016,2024,1.23817998553191,2.60622939308297,rairiz de veiga,14.322,2.66179681658475,0.213642547808167,0.957904499802962
"12",Galicia,"32",Ourense,"068",Ramirás,"32068",ES_32068,ES,Ramirás,0,0,40.66698295,2024,1.19697163806666,2.76148295305411,ramiras,13.614,2.61109867502576,0.179794732115227,1.01576783726531
"12",Galicia,"32",Ourense,"069",Ribadavia,"32069",ES_32069,ES,Ribadavia,0,0,25.11002839,2024,1.17366418723211,3.2226594526966,ribadavia,15.745,2.75652285455299,0.16013063894828,1.17020693566109
"12",Galicia,"32",Ourense,"070",San Xoán de Río,"32070",ES_32070,ES,San Xoán de Río,0,0,61.14563872,2024,0.718867761667506,2.91641214553763,san xoan de rio,14.41,2.66792241001143,-0.330077857971255,1.07035414350656
"12",Galicia,"32",Ourense,"071",Riós,"32071",ES_32071,ES,Riós,0,0,114.35285779,2024,0.682327101992754,2.85051372486894,rios,13.142,2.57581320847568,-0.382246114430139,1.04749923237668
"12",Galicia,"32",Ourense,"072","Rúa, A","32072",ES_32072,ES,"Rúa, A",0,0,35.87616478,2024,0.631898510724921,2.87249093681506,"rua, a",16.734,2.81744257787341,-0.459026482026329,1.05517957558003
"12",Galicia,"32",Ourense,"073",Rubiá,"32073",ES_32073,ES,Rubiá,0,0,100.77644027,2024,0.860809405627422,2.97065172458369,rubia,14.446,2.67041755962866,-0.14988216302253,1.08878136462884
"12",Galicia,"32",Ourense,"074",San Amaro,"32074",ES_32074,ES,San Amaro,0,0,28.91900801,2024,1.21912576715692,3.28925759084002,san amaro,14.811,2.69537014794484,0.198134017578314,1.19066188303344
"12",Galicia,"32",Ourense,"075",San Cibrao das Viñas,"32075",ES_32075,ES,San Cibrao das Viñas,0,0,39.47239329,2024,1.59958307896012,3.09686678850127,san cibrao das vinas,16.203,2.78519641027886,0.469743019640075,1.13039088698921
"12",Galicia,"32",Ourense,"076",San Cristovo de Cea,"32076",ES_32076,ES,San Cristovo de Cea,0,0,94.4325616,2024,1.23185651662475,3.27806208574193,san cristovo de cea,14.14,2.64900766046843,0.208522394550283,1.18725242027099
"12",Galicia,"32",Ourense,"077",Sandiás,"32077",ES_32077,ES,Sandiás,0,0,52.81789597,2024,1.19580953707971,2.86684082834171,sandias,15.968,2.77058671956911,0.178823392913472,1.05321066681859
"12",Galicia,"32",Ourense,"078",Sarreaus,"32078",ES_32078,ES,Sarreaus,0,0,77.29608589,2024,0.996958374910475,2.81328279850579,sarreaus,13.914,2.63289552750145,-0.00304626023241541,1.034352057162
"12",Galicia,"32",Ourense,"079",Taboadela,"32079",ES_32079,ES,Taboadela,0,0,25.17976522,2024,1.606689453125,3.0911865234375,taboadela,16.74,2.81780106506133,0.474175821736775,1.12855500537254
"12",Galicia,"32",Ourense,"080","Teixeira, A","32080",ES_32080,ES,"Teixeira, A",0,0,27.63084385,2024,0.789716321070203,2.96550879952626,"teixeira, a",13.466,2.60016799012309,-0.236081485261244,1.08704861959161
"12",Galicia,"32",Ourense,"081",Toén,"32081",ES_32081,ES,Toén,0,0,58.26668814,2024,1.46884079802799,3.23418302548109,toen,15.582,2.74611640190867,0.384473516933509,1.17377635370352
"12",Galicia,"32",Ourense,"082",Trasmiras,"32082",ES_32082,ES,Trasmiras,0,0,56.72245682,2024,0.89272306194869,2.71987814129039,trasmiras,12.622,2.53544132316205,-0.113478867201206,1.00058707830813
"12",Galicia,"32",Ourense,"083","Veiga, A","32083",ES_32083,ES,"Veiga, A",0,0,290.79929789,2024,0.479417125157204,2.70511001951342,"veiga, a",16.539,2.80572122827566,-0.73518423555645,0.995142584119549
"12",Galicia,"32",Ourense,"084",Verea,"32084",ES_32084,ES,Verea,0,0,94.24420233,2024,1.096004014676,2.52993778095099,verea,12.92,2.55877649835446,0.0916708515446615,0.928194709927538
"12",Galicia,"32",Ourense,"085",Verín,"32085",ES_32085,ES,Verín,0,0,94.15735727,2024,0.836484926609064,2.75808943150202,verin,15.928,2.7680785667619,-0.178546778312277,1.01453820506077
"12",Galicia,"32",Ourense,"086",Viana do Bolo,"32086",ES_32086,ES,Viana do Bolo,0,0,270.7309742,2024,0.509637048569027,2.77462984347745,viana do bolo,15.787,2.75918681654959,-0.674056476093192,1.02051734856334
"12",Galicia,"32",Ourense,"087",Vilamarín,"32087",ES_32087,ES,Vilamarín,0,0,56.06145953,2024,1.25100876744439,3.2890685667775,vilamarin,14.192,2.65267842556722,0.223950239809047,1.19060441429199
"12",Galicia,"32",Ourense,"088",Vilamartín de Valdeorras,"32088",ES_32088,ES,Vilamartín de Valdeorras,0,0,88.29233121,2024,0.760105366746158,2.9555774909932,vilamartin de valdeorras,14.671,2.68587275615751,-0.27429821485599,1.08369406018851
"12",Galicia,"32",Ourense,"089",Vilar de Barrio,"32089",ES_32089,ES,Vilar de Barrio,0,0,106.75685289,2024,0.983225220612525,2.83877777702281,vilar de barrio,13.94,2.63476240533238,-0.016917069500596,1.04337359933835
"12",Galicia,"32",Ourense,"090",Vilar de Santos,"32090",ES_32090,ES,Vilar de Santos,0,0,20.71014369,2024,1.25085461027115,2.61376779530637,vilar de santos,15.707,2.7541064728609,0.223827005922813,0.960792780080473
"12",Galicia,"32",Ourense,"091",Vilardevós,"32091",ES_32091,ES,Vilardevós,0,0,152.1057609,2024,0.789210734486317,2.82039795004278,vilardevos,13.353,2.59174107870183,-0.236721903194911,1.0368779920304
"12",Galicia,"32",Ourense,"092",Vilariño de Conso,"32092",ES_32092,ES,Vilariño de Conso,0,0,200.2356062,2024,0.595659883228668,2.82126632031056,vilarino de conso,13.563,2.60734549698058,-0.518085440532156,1.03718583391287
"12",Galicia,"36",Pontevedra,"001",Arbo,"36001",ES_36001,ES,Arbo,0,0,42.6569036,2024,1.21712997762895,2.94142643323871,arbo,15.276,2.72628296936327,0.196495609969672,1.07889464506188
"12",Galicia,"36",Pontevedra,"002",Barro,"36002",ES_36002,ES,Barro,0,0,37.57187307,2024,2.0747234590262,3.83775250686598,barro,17.663,2.87147205617331,0.7298278720426,1.34488691058338
"12",Galicia,"36",Pontevedra,"003",Baiona,"36003",ES_36003,ES,Baiona,0,0,34.43657293,2024,2.0267333984375,3.2620849609375,baiona,20.167,3.0040476051577,0.706425333628497,1.18236654951798
"12",Galicia,"36",Pontevedra,"004",Bueu,"36004",ES_36004,ES,Bueu,0,0,30.7953478,2024,2.64123347767328,4.0387715024631,bueu,17.588,2.86721685131856,0.971246034433356,1.39594056218154
"12",Galicia,"36",Pontevedra,"005",Caldas de Reis,"36005",ES_36005,ES,Caldas de Reis,0,0,68.30229689,2024,2.03424457750803,3.81573966227988,caldas de reis,16.141,2.78136261879114,0.71012453499345,1.33913452858578
"12",Galicia,"36",Pontevedra,"006",Cambados,"36006",ES_36006,ES,Cambados,0,0,23.38863898,2024,2.2711006194843,4.12884172072257,cambados,17.553,2.86522487547421,0.820264568387769,1.41799691260722
"12",Galicia,"36",Pontevedra,"007",Campo Lameiro,"36007",ES_36007,ES,Campo Lameiro,0,0,63.72944446,2024,1.8507519886716,3.74266651946583,campo lameiro,16.287,2.79036724359142,0.615592036862497,1.31979833050106
"12",Galicia,"36",Pontevedra,"008",Cangas,"36008",ES_36008,ES,Cangas,0,0,38.08371277,2024,2.68598377529984,3.97634866699728,cangas,17.619,2.86897786520849,0.988047057613642,1.38036397785629
"12",Galicia,"36",Pontevedra,"009","Cañiza, A","36009",ES_36009,ES,"Cañiza, A",0,0,105.04947007,2024,1.19158306539628,3.05448962582625,"caniza, a",14.883,2.70021962198702,0.175282730104681,1.11661251674449
"12",Galicia,"36",Pontevedra,"010",Catoira,"36010",ES_36010,ES,Catoira,0,0,29.43536468,2024,2.01171875,3.857421875,catoira,16.134,2.78092884651478,0.698989456184174,1.34999905229571
"12",Galicia,"36",Pontevedra,"013",Covelo,"36013",ES_36013,ES,Covelo,0,0,134.62167996,2024,1.36448375836372,3.36440731914645,covelo,13.669,2.61513049517052,0.310776158100707,1.21325181657235
"12",Galicia,"36",Pontevedra,"014",Crecente,"36014",ES_36014,ES,Crecente,0,0,57.44262786,2024,1.14732173480451,3.04298273996013,crecente,12.936,2.56001412227481,0.137430299951466,1.11283819885147
"12",Galicia,"36",Pontevedra,"015",Cuntis,"36015",ES_36015,ES,Cuntis,0,0,79.83222114,2024,1.88006950975899,3.75649724104014,cuntis,16.678,2.81409048566479,0.631308749434421,1.32348693837723
"12",Galicia,"36",Pontevedra,"016",Dozón,"36016",ES_36016,ES,Dozón,0,0,74.20255121,2024,1.19640697023315,3.24933932802616,dozon,12.556,2.53019863897971,0.179322873762329,1.17845169199246
"12",Galicia,"36",Pontevedra,"017","Estrada, A","36017",ES_36017,ES,"Estrada, A",0,0,280.73112749,2024,1.82624396494542,3.65036626123769,"estrada, a",16.845,2.82405387685852,0.602261379461526,1.2948275081047
"12",Galicia,"36",Pontevedra,"018",Forcarei,"36018",ES_36018,ES,Forcarei,0,0,169.66110405,2024,1.4197373531156,3.50262152150794,forcarei,15.824,2.76152777488036,0.350471891910835,1.25351169427538
"12",Galicia,"36",Pontevedra,"019",Fornelos de Montes,"36019",ES_36019,ES,Fornelos de Montes,0,0,79.01032835,2024,1.72002272577522,3.52562264151259,fornelos de montes,14.157,2.65020920141236,0.54233750339809,1.26005705655605
"12",Galicia,"36",Pontevedra,"020",Agolada,"36020",ES_36020,ES,Agolada,0,0,147.84960495,2024,1.2018956515591,3.30502439251083,agolada,15.625,2.74887219562247,0.183900019997771,1.19544385376381
"12",Galicia,"36",Pontevedra,"021",Gondomar,"36021",ES_36021,ES,Gondomar,0,0,74.49220965,2024,2.2808025216929,3.43961466891859,gondomar,18.197,2.90125674533111,0.824527364233438,1.23535945026193
"12",Galicia,"36",Pontevedra,"022","Grove, O","36022",ES_36022,ES,"Grove, O",0,0,21.80637577,2024,2.28111080030327,4.18605880810582,"grove, o",17.105,2.83937081842957,0.824662517441784,1.43175967268428
"12",Galicia,"36",Pontevedra,"023","Guarda, A","36023",ES_36023,ES,"Guarda, A",0,0,20.51346708,2024,1.79296875,2.82958984375,"guarda, a",16.388,2.79654935968462,0.583872765580983,1.04013176961445
"12",Galicia,"36",Pontevedra,"024",Lalín,"36024",ES_36024,ES,Lalín,0,0,326.86436375,2024,1.20588869485654,3.26667307380662,lalin,15.92,2.76757618041624,0.18721680122364,1.18377205837587
"12",Galicia,"36",Pontevedra,"025","Lama, A","36025",ES_36025,ES,"Lama, A",0,0,111.7606912,2024,1.35158210699987,3.49353319265067,"lama, a",11.505,2.44278172348733,0.301275837386133,1.25091360022491
"12",Galicia,"36",Pontevedra,"026",Marín,"36026",ES_36026,ES,Marín,0,0,36.63266456,2024,2.63122162955209,4.01333186208626,marin,16.185,2.78408488737821,0.967448236272455,1.38962178462269
"12",Galicia,"36",Pontevedra,"027",Meaño,"36027",ES_36027,ES,Meaño,0,0,27.74361511,2024,2.4661865234375,4.1448974609375,meano,16.619,2.81054661914539,0.902673039934254,1.4218780502686
"12",Galicia,"36",Pontevedra,"028",Meis,"36028",ES_36028,ES,Meis,0,0,52.38204957,2024,2.36932292736186,3.98902913123714,meis,15.573,2.7455386455132,0.862604229673962,1.38354787578884
"12",Galicia,"36",Pontevedra,"029",Moaña,"36029",ES_36029,ES,Moaña,0,0,35.02136105,2024,2.7724174495957,3.98390571456259,moana,17.793,2.8788051215247,1.0197196650816,1.38226267341886
"12",Galicia,"36",Pontevedra,"030",Mondariz,"36030",ES_36030,ES,Mondariz,0,0,82.37624122,2024,1.7011428028026,3.37081786785902,mondariz,15.157,2.71846247144952,0.531300262154831,1.21515540567898
"12",Galicia,"36",Pontevedra,"031",Mondariz-Balneario,"36031",ES_36031,ES,Mondariz-Balneario,0,0,2.30806559,2024,1.698486328125,3.385986328125,mondariz-balneario,15.809,2.76057939811405,0.529737459204298,1.21964524593699
"12",Galicia,"36",Pontevedra,"032",Moraña,"36032",ES_36032,ES,Moraña,0,0,41.18059578,2024,1.95015958696974,3.78548088232597,morana,14.981,2.70678273153524,0.667911208698649,1.33117292831098
"12",Galicia,"36",Pontevedra,"033",Mos,"36033",ES_36033,ES,Mos,0,0,53.32453944,2024,2.30838254267304,3.47760016064495,mos,16.553,2.80656735427803,0.83654708130357,1.24634244688664
"12",Galicia,"36",Pontevedra,"034","Neves, As","36034",ES_36034,ES,"Neves, As",0,0,65.8119878,2024,1.32952409256066,2.90969066657867,"neves, as",15.524,2.74238721350666,0.284821053056608,1.06804677538835
"12",Galicia,"36",Pontevedra,"035",Nigrán,"36035",ES_36035,ES,Nigrán,0,0,34.75019779,2024,2.304443359375,3.46142578125,nigran,22.994,3.13523331233155,0.834839154605601,1.24168057969562
"12",Galicia,"36",Pontevedra,"036",Oia,"36036",ES_36036,ES,Oia,0,0,83.29267357,2024,1.78305792326894,3.02030609430604,oia,16.773,2.81977045071262,0.578329824763278,1.10535818198111
"12",Galicia,"36",Pontevedra,"037",Pazos de Borbén,"36037",ES_36037,ES,Pazos de Borbén,0,0,49.99614865,2024,2.04834006574065,3.55702289175706,pazos de borben,15.151,2.7180665363777,0.717029741117791,1.26892392863778
"12",Galicia,"36",Pontevedra,"038",Pontevedra,"36038",ES_36038,ES,Pontevedra,0,0,118.30765027,2024,2.31014577433829,3.88620398730061,pontevedra,20.795,3.03471257319487,0.837310628316768,1.35743284244955
"12",Galicia,"36",Pontevedra,"039","Porriño, O","36039",ES_36039,ES,"Porriño, O",0,0,61.13701795,2024,2.13870442299197,3.39151865164626,"porrino, o",16.351,2.79428905755245,0.760200235882401,1.221277800916
"12",Galicia,"36",Pontevedra,"040",Portas,"36040",ES_36040,ES,Portas,0,0,22.69854439,2024,2.0843505859375,3.8306884765625,portas,16.136,2.78105280065191,0.734457337159702,1.34304454593146
"12",Galicia,"36",Pontevedra,"041",Poio,"36041",ES_36041,ES,Poio,0,0,33.92376869,2024,2.4754638671875,4.046142578125,poio,19.998,2.99563226855366,0.906427799545375,1.3977639774042
"12",Galicia,"36",Pontevedra,"042",Ponteareas,"36042",ES_36042,ES,Ponteareas,0,0,125.53136496,2024,1.91167115116,3.36942627656572,ponteareas,16.069,2.77689195005962,0.647977807765748,1.21474248552854
"12",Galicia,"36",Pontevedra,"043",Ponte Caldelas,"36043",ES_36043,ES,Ponte Caldelas,0,0,87.00690721,2024,1.90376197547866,3.72856360472066,ponte caldelas,15.763,2.75766542164441,0.643831915675558,1.31602306692035
"12",Galicia,"36",Pontevedra,"044",Pontecesures,"36044",ES_36044,ES,Pontecesures,0,0,6.68017187,2024,1.970458984375,3.8095703125,pontecesures,17.16,2.84258109405982,0.678266502605029,1.3375164039072
"12",Galicia,"36",Pontevedra,"045",Redondela,"36045",ES_36045,ES,Redondela,0,0,52.06475451,2024,2.42695142021676,3.80214859834191,redondela,17.68,2.8724340572095,0.886635910152194,1.33556632755863
"12",Galicia,"36",Pontevedra,"046",Ribadumia,"36046",ES_36046,ES,Ribadumia,0,0,19.72821947,2024,2.21897057224616,4.00728574504692,ribadumia,16.349,2.79416673339328,0.797043382143799,1.38811414057813
"12",Galicia,"36",Pontevedra,"047",Rodeiro,"36047",ES_36047,ES,Rodeiro,0,0,154.89792365,2024,1.12286541987602,3.23245585174503,rodeiro,17.125,2.84053938414829,0.115883828749495,1.17324217395113
"12",Galicia,"36",Pontevedra,"048","Rosal, O","36048",ES_36048,ES,"Rosal, O",0,0,44.1099854,2024,1.7928466796875,2.816650390625,"rosal, o",16.108,2.77931604298921,0.583804680474573,1.03554837420795
"12",Galicia,"36",Pontevedra,"049",Salceda de Caselas,"36049",ES_36049,ES,Salceda de Caselas,0,0,35.93221579,2024,1.94672283211057,3.03723608553833,salceda de caselas,16.704,2.81564821170023,0.666147359867406,1.11094791947243
"12",Galicia,"36",Pontevedra,"050",Salvaterra de Miño,"36050",ES_36050,ES,Salvaterra de Miño,0,0,62.48289671,2024,1.78821321643255,3.06304483394111,salvaterra de mino,15.59,2.74662968306969,0.581216918205845,1.119409465008
"12",Galicia,"36",Pontevedra,"051",Sanxenxo,"36051",ES_36051,ES,Sanxenxo,0,0,45.06090185,2024,2.4838202294918,4.13616414352922,sanxenxo,18.522,2.91895921474808,0.909797790072186,1.41976882295858
"12",Galicia,"36",Pontevedra,"052",Silleda,"36052",ES_36052,ES,Silleda,0,0,167.94961486,2024,1.42117597711126,3.49023967605248,silleda,17.674,2.87209463309581,0.351484681779021,1.24997040894298
"12",Galicia,"36",Pontevedra,"053",Soutomaior,"36053",ES_36053,ES,Soutomaior,0,0,24.98767766,2024,2.17333984375,3.8184814453125,soutomaior,16.402,2.79740327861422,0.776265082856456,1.33985281617841
"12",Galicia,"36",Pontevedra,"054",Tomiño,"36054",ES_36054,ES,Tomiño,0,0,106.55161541,2024,2.0144671004861,3.0303743799353,tomino,15.852,2.76329567532819,0.700354694161276,1.10868616962307
"12",Galicia,"36",Pontevedra,"055",Tui,"36055",ES_36055,ES,Tui,0,0,68.37426642,2024,2.05117859803479,3.06359936672661,tui,16.207,2.78544324767598,0.718414553814388,1.11959048834438
"12",Galicia,"36",Pontevedra,"056",Valga,"36056",ES_36056,ES,Valga,0,0,40.63259784,2024,2.00488173044574,3.80177286934314,valga,15.586,2.74637307542137,0.695585071709853,1.33546750249825
"12",Galicia,"36",Pontevedra,"057",Vigo,"36057",ES_36057,ES,Vigo,0,0,108.95711565,2024,2.57531992408698,3.82861340619884,vigo,20.061,2.99877763173995,0.945973768762133,1.34250270270706
"12",Galicia,"36",Pontevedra,"058",Vilaboa,"36058",ES_36058,ES,Vilaboa,0,0,36.89708039,2024,2.6336669921875,3.855712890625,vilaboa,16.529,2.80511641393522,0.96837716867234,1.34955591615071
"12",Galicia,"36",Pontevedra,"059",Vila de Cruces,"36059",ES_36059,ES,Vila de Cruces,0,0,154.9177351,2024,1.60159552909174,3.44422580839025,vila de cruces,15.5,2.7408400239252,0.471000338048788,1.23669915015083
"12",Galicia,"36",Pontevedra,"060",Vilagarcía de Arousa,"36060",ES_36060,ES,Vilagarcía de Arousa,0,0,44.21728022,2024,2.03651189349462,3.87531598808479,vilagarcia de arousa,16.873,2.8257147112162,0.711238488253586,1.35462720479287
"12",Galicia,"36",Pontevedra,"061",Vilanova de Arousa,"36061",ES_36061,ES,Vilanova de Arousa,0,0,33.58241357,2024,2.15941326240035,3.91489510801041,vilanova de arousa,15.592,2.74675796220526,0.769836547018235,1.36478853674934
"12",Galicia,"36",Pontevedra,"901","Illa de Arousa, A","36901",ES_36901,ES,"Illa de Arousa, A",0,0,6.67515834,2024,2.23876953125,4.2027587890625,"illa de arousa, a",15.867,2.76424148075195,0.805926398531167,1.43574116419349
"12",Galicia,"36",Pontevedra,"902",Cerdedo-Cotobade,"36902",ES_36902,ES,Cerdedo-Cotobade,0,0,213.26086736,2024,1.57180607559303,3.62315819433403,cerdedo-cotobade,14.904,2.70162963329929,0.452225324815305,1.28734607486641
